name,m_source_file,m_ep_file,m_lep_file,m_ep_time,m_lep_time,m_div_mat_time,m_globals_time,m_locals_time,m_total_time,m_np_eig_time,g_avg_node_degree,g_order,g_size,g_directed,g_density,g_connected_components,ep_percent_nt_vertices,ep_percent_nt_elements,ep_num_elements,ep_size_max,ep_size_min,ep_size_avg,ep_size_variance,ep_size_std_dev,ep_size_median,ep_size_mode,ep_size_range,ep_size_iqr,ep_size_skewness,ep_size_kurtosis,lep_percent_vnt_leps,lep_percent_ent_leps,lep_percent_ent_vertices,lep_num_leps,lep_size_max,lep_size_min,lep_size_avg,lep_size_variance,lep_size_std_dev,lep_size_median,lep_size_mode,lep_size_range,lep_size_iqr,lep_size_skewness,lep_size_kurtosis
bio-celegans.clean,/home/pseely/research/datasets/undirected/biological/bio-celegans-dir/bio-celegans.clean.txt,ep_data.pkl,lep_data.pkl,0.00409555435180664,0.00166058540344238,0.00201749801635742,0.155128717422485,0.00450873374938965,0.167970657348633,0.173153162002563,4.47019867549669,453,2025,False,0.019779640157065,1,0.136865342163355,0.0668257756563246,419,4,1,1.08114558472554,0.112747136322987,0.335778403598247,1,1,3,0,5.18681096737212,32.5613440596372,0.0645933014354067,0.00239234449760766,0.0132450331125828,418,2,1,1.00239234449761,0.00238662118541242,0.0488530570733544,1,1,1,0,20.3716076459747,413.002398081534
bio-dmela.clean,/home/pseely/research/datasets/undirected/biological/bio-dmela/bio-dmela.clean.txt,ep_data.pkl,lep_data.pkl,0.0888934135437012,0.0213508605957031,0.057300329208374,353.224903821945,0.0732753276824951,353.501655340195,509.248296022415,3.45854186392533,7393,25569,False,0.000935752668810967,1,0.225213039361558,0.0945305090104331,6326,31,1,1.16866898514069,0.632790103201847,0.795481051441106,1,1,30,0,13.7325652392499,364.832203203322,0.0923783869434321,0.00190144192679449,0.00757473285540376,6311,3,1,1.00237680240849,0.00332187418220133,0.0576357023224436,1,1,2,0,27.1874278518074,810.98936415633
bn-cat-mixed-species_brain_1.clean,/home/pseely/research/datasets/undirected/brain/bn-cat-mixed-species_brain_1/bn-cat-mixed-species_brain_1.clean.txt,ep_data.pkl,lep_data.pkl,0.00105190277099609,0.000295639038085938,0.000358819961547852,0.000742435455322266,7.15255737304688E-06,0.00236201286315918,0.000792980194091797,11.2307692307692,65,730,False,0.350961538461538,1,0,0,65,1,1,1,0,0,1,1,0,0,nan,nan,0,0,0,65,1,1,1,0,0,1,1,0,0,nan,nan
bn-fly-drosophila_medulla_1.clean,/home/pseely/research/datasets/undirected/brain/bn-fly-drosophila_medulla_1/bn-fly-drosophila_medulla_1.clean.txt,ep_data.pkl,lep_data.pkl,0.022188663482666,0.00608372688293457,0.0114438533782959,5.45574522018433,0.010432243347168,5.50455951690674,6.66220784187317,5.06232453677709,1781,9016,False,0.00568800509750235,6,0.129702414373947,0.0514075887392901,1634,19,1,1.08996328029376,0.380523499263658,0.616865868129902,1,1,18,0,17.9323769393242,457.429250464575,0.0514075887392901,0,0,1634,1,1,1,0,0,1,1,0,0,nan,nan
CA-GrQc.clean,/home/pseely/research/datasets/undirected/collaboration/ca-GrQc.txt/CA-GrQc.clean.txt,ep_data.pkl,lep_data.pkl,0.0795893669128418,0.0143709182739258,0.0237221717834473,60.4768509864807,0.111641407012939,60.6733689308167,178.517999410629,2.76535673407097,5242,14496,False,0.00105527828050791,355,0.47367417016406,0.186855290303566,3393,355,1,1.54494547597996,51.25475856614,7.15924287659945,1,1,354,0,41.3684694033437,1898.19846628219,0.182760663507109,0.00355450236966825,0.0518885921404044,3376,3,1,1.0050355450237,0.00797227361806788,0.0892875893843477,1,1,2,0,19.3885255876046,398.071208165668
road-euroroad.clean,/home/pseely/research/datasets/undirected/road/road-euroroad/road-euroroad.clean.txt,ep_data.pkl,lep_data.pkl,0.00987792015075684,0.0023033618927002,0.00256729125976563,2.25301957130432,0.0023491382598877,2.27084636688232,2.37653183937073,1.20698466780239,1174,1417,False,0.00205794487263834,26,0.0783645655877343,0.024346257889991,1109,24,1,1.05861136158702,0.567349198824927,0.753225861760553,1,1,23,0,26.2113464504622,777.063429305239,0.0136736554238833,0.00638103919781222,0.0442930153321976,1097,5,1,1.01093892433911,0.0254044967255522,0.159387881363522,1,1,4,0,18.7044476282623,404.271452116203
road-minnesota.clean,/home/pseely/research/datasets/undirected/road/road-minnesota/road-minnesota.clean.txt,ep_data.pkl,lep_data.pkl,0.0352036952972412,0.00580978393554688,0.0132334232330322,30.6648948192596,0.00194406509399414,30.7503936290741,31.0549626350403,1.25018925056775,2642,3303,False,0.000946754449502273,2,0.00832702498107494,0.00418091980235652,2631,2,1,1.00418091980236,0.00416343971196278,0.064524721711626,1,1,1,0,15.3683446296308,234.186016655101,0.00342335488779003,0.000760745530620008,0.00302800908402725,2629,2,1,1.00076074553062,0.000760166796857649,0.0275711225171854,1,1,1,0,36.2146484357464,1309.5007613247
musae_ENGB_edges.clean,/home/pseely/research/datasets/undirected/social/twitch/ENGB/musae_ENGB_edges.clean.csv,ep_data.pkl,lep_data.pkl,0.0907442569732666,0.0259060859680176,0.0759196281433106,405.055099010468,0.0226972103118897,405.328546047211,478.262056827545,4.9570586584339,7126,35324,False,0.00139145506201653,1,0.0916362615773225,0.026323706377858,6648,44,1,1.07190132370638,0.827561848265396,0.909704264178967,1,1,43,0,29.1322600125616,1092.41602718878,0.0258841234010534,0.000451467268623025,0.00168397417906259,6645,2,1,1.00045146726862,0.000451263445928387,0.0212429622682051,1,1,1,0,47.0319088669723,2210.00045167118
musae_ES_edges.clean,/home/pseely/research/datasets/undirected/social/twitch/ES/musae_ES_edges.clean.csv,ep_data.pkl,lep_data.pkl,0.119790077209473,0.0834710597991943,0.0697562694549561,126.721432209015,0.00517129898071289,126.975718975067,135.618510484695,12.775817555938,4648,59382,False,0.00549852272689393,1,0.0221600688468158,0.00699147913480446,4577,14,1,1.01551234433035,0.0720774794740103,0.268472492956002,1,1,13,0,31.9935849071528,1332.28259566098,0.00699147913480446,0,0,4577,1,1,1,0,0,1,1,0,0,nan,nan
musae_PTBR_edges.clean,/home/pseely/research/datasets/undirected/social/twitch/PTBR/musae_PTBR_edges.clean.csv,ep_data.pkl,lep_data.pkl,0.0548224449157715,0.0510234832763672,0.024688720703125,8.30861139297485,0.00292301177978516,8.40102934837341,8.65961241722107,16.369769874477,1912,31299,False,0.0171321505750675,1,0.024581589958159,0.0111346765641569,1886,4,1,1.01378579003181,0.0210188597344501,0.144978825124396,1,1,3,0,13.6337258195743,226.991861804291,0.0106100795755968,0.000530503978779841,0.00209205020920502,1885,2,1,1.00053050397878,0.00053022254430834,0.0230265617126904,1,1,1,0,43.3820300445422,1880.00053078556
musae_RU_edges.clean,/home/pseely/research/datasets/undirected/social/twitch/RU/musae_RU_edges.clean.csv,ep_data.pkl,lep_data.pkl,0.12363862991333,0.021390438079834,0.0510344505310059,98.8701822757721,0.00924873352050781,99.0613605976105,107.871062040329,8.50718358038769,4385,37304,False,0.00388101440711117,1,0.0501710376282782,0.0165289256198347,4235,17,1,1.03541912632822,0.185758472503133,0.43099706785909,1,1,16,0,23.4478384424004,704.158183487792,0.0165289256198347,0,0,4235,1,1,1,0,0,1,1,0,0,nan,nan
facebook_combined.clean,/home/pseely/research/datasets/undirected/social/facebook_combined.clean.txt,ep_data.pkl,lep_data.pkl,0.213117361068726,0.0392563343048096,0.084815263748169,89.972199678421,0.0114908218383789,90.2648515701294,102.227477312088,21.8455063134439,4039,88234,False,0.0108199635034393,1,0.0628868531814806,0.0206985769728331,3865,14,1,1.04501940491591,0.211686060425519,0.460093534431336,1,1,13,0,17.6529267049097,390.773500976981,0.0206985769728331,0,0,3865,1,1,1,0,0,1,1,0,0,nan,nan
bn-mouse-kasthuri_graph_v4.clean,/home/pseely/research/datasets/undirected/brain/bn-mouse-kasthuri_graph_v4/bn-mouse-kasthuri_graph_v4.clean.txt,ep_data.pkl,lep_data.pkl,0.00589680671691895,0.00248169898986816,0.00148367881774902,0.334882974624634,0.01222825050354,0.390416622161865,1.11039328575134,1.51506316812439,1029,1559,False,0.00294759371230427,20,0.48396501457726,0.167711598746082,638,32,1,1.6128526645768,5.8485495425556,2.41837746072767,1,1,31,0,7.82278321012415,77.4060101103228,0.163779527559055,0.0047244094488189,0.0155490767735666,635,2,1,1.00472440944882,0.00470208940417881,0.0685717828569362,1,1,1,0,14.445463422892,206.67141350211
bn-mouse_visual-cortex_1.clean,/home/pseely/research/datasets/undirected/brain/bn-mouse_visual-cortex_1/bn-mouse_visual-cortex_1.clean.txt,ep_data.pkl,lep_data.pkl,0.000201225280761719,7.55786895751953E-05,4.1961669921875E-05,0.000131130218505859,0.000428915023803711,0.000939846038818359,0.000257968902587891,1.51724137931034,29,44,False,0.108374384236453,1,0.241379310344828,0.12,25,3,1,1.16,0.2144,0.463033476111609,1,1,2,0,2.95133556142647,7.85330808643351,0.12,0,0,25,1,1,1,0,0,1,1,0,0,nan,nan
bn-macaque-rhesus_brain_1.clean,/home/pseely/research/datasets/undirected/brain/bn-macaque-rhesus_brain_1/bn-macaque-rhesus_brain_1.clean.txt,ep_data.pkl,lep_data.pkl,0.00455045700073242,0.00130152702331543,0.0014805793762207,0.0241949558258057,0.000684738159179688,0.0317592620849609,0.0253515243530273,12.6198347107438,242,3054,False,0.104728918761359,1,0.0495867768595041,0.0170940170940171,234,4,1,1.03418803418803,0.0843012637884432,0.290346799170308,1,1,3,0,9.42246783794056,91.0974997672177,0.0170940170940171,0,0,234,1,1,1,0,0,1,1,0,0,nan,nan
bn-macaque-rhesus_brain_2.clean,/home/pseely/research/datasets/undirected/brain/bn-macaque-rhesus_brain_2/bn-macaque-rhesus_brain_2.clean.txt,ep_data.pkl,lep_data.pkl,0.000743627548217773,0.000262737274169922,0.000237941741943359,0.000426054000854492,0.00154614448547363,0.00316524505615234,0.00178408622741699,6.3956043956044,91,582,False,0.142124542124542,1,0.494505494505495,0.220338983050847,59,15,1,1.54237288135593,3.57023843723068,1.88950745889787,1,1,14,0,6.17527670013472,40.6923797390964,0.220338983050847,0,0,59,1,1,1,0,0,1,1,0,0,nan,nan
bn-mouse_visual-cortex_2.clean,/home/pseely/research/datasets/undirected/brain/bn-mouse_visual-cortex_2/bn-mouse_visual-cortex_2.clean.txt,ep_data.pkl,lep_data.pkl,0.00061345100402832,0.000315666198730469,8.94069671630859E-05,0.000151395797729492,0.00213122367858887,0.00315499305725098,0.0121302604675293,1.10880829015544,193,214,False,0.0115500863557858,1,0.911917098445596,0.514285714285714,35,23,1,5.51428571428571,55.7926530612245,7.46944797566892,2,1,22,4,1.47597470262854,0.486095598207207,0.514285714285714,0,0,35,1,1,1,0,0,1,1,0,0,nan,nan
mammalia-voles-rob-trapping.clean,/home/pseely/research/datasets/undirected/animal_social/mammalia-voles-rob-trapping/mammalia-voles-rob-trapping.clean.csv,ep_data.pkl,lep_data.pkl,0.012479305267334,0.00374293327331543,0.00387001037597656,3.56667494773865,0.00980520248413086,3.59724402427673,4.31815195083618,2.65878378378378,1480,3935,False,0.00359538037022824,21,0.148648648648649,0.0611028315946349,1342,24,1,1.10283159463487,0.598963666125475,0.773927429495476,1,1,23,0,21.8498438672743,598.678984653137,0.0589992531740105,0.00224047796863331,0.00945945945945946,1339,2,1,1.00224047796863,0.00223545822710538,0.0472806326851215,1,1,1,0,21.0555355866887,441.335578842315
aves-weaver-social.clean,/home/pseely/research/datasets/undirected/animal_social/aves-weaver-social/aves-weaver-social.clean.csv,ep_data.pkl,lep_data.pkl,0.00349736213684082,0.00154471397399902,0.000795364379882813,0.0706970691680908,0.00773310661315918,0.0836184024810791,0.0981979370117188,3,445,1335,False,0.0135135135135135,22,0.384269662921348,0.201166180758017,343,6,1,1.29737609329446,0.535474164676283,0.731761002429265,1,1,5,0,3.57977580376328,16.2534659083888,0.191740412979351,0.00884955752212389,0.049438202247191,339,3,1,1.0117994100295,0.0175598889672036,0.132513731240214,1,1,2,0,12.4091991945862,164.73102483987
mammalia-voles-bhp-trapping.clean,/home/pseely/research/datasets/undirected/animal_social/mammalia-voles-bhp-trapping/mammalia-voles-bhp-trapping.clean.csv,ep_data.pkl,lep_data.pkl,0.0148792266845703,0.00463366508483887,0.00456380844116211,4.98304533958435,0.0123991966247559,5.01896286010742,6.84666061401367,2.74199288256228,1686,4623,False,0.00325459095853089,31,0.168446026097272,0.0684385382059801,1505,46,1,1.1202657807309,1.51443979647024,1.23062577434013,1,1,45,0,32.5611049073112,1173.89873492467,0.0678191489361702,0.000664893617021277,0.00533807829181495,1504,2,1,1.00066489361702,0.000664451533499321,0.0257769574135374,1,1,1,0,38.7427498422091,1499.000665336
mammalia-voles-kcs-trapping.clean,/home/pseely/research/datasets/undirected/animal_social/mammalia-voles-kcs-trapping/mammalia-voles-kcs-trapping.clean.csv,ep_data.pkl,lep_data.pkl,0.0110669136047363,0.00303483009338379,0.00340175628662109,2.06218957901001,0.00868129730224609,2.08858251571655,2.60587739944458,2.94909688013136,1218,3592,False,0.00484650267893404,15,0.141215106732348,0.0635631154879141,1117,26,1,1.09042076991943,0.63014100468947,0.793814212955065,1,1,25,0,27.8219578841257,865.313149977034,0.0635631154879141,0,0,1117,1,1,1,0,0,1,1,0,0,nan,nan
mammalia-voles-plj-trapping.clean,/home/pseely/research/datasets/undirected/animal_social/mammalia-voles-plj-trapping/mammalia-voles-plj-trapping.clean.csv,ep_data.pkl,lep_data.pkl,0.0132665634155273,0.00314426422119141,0.00328612327575684,2.01115369796753,0.00999569892883301,2.03803944587708,2.03318858146668,2.67616785431512,1263,3380,False,0.00424115349336787,40,0.197941409342835,0.0790909090909091,1100,48,1,1.14818181818182,2.28804214876033,1.51262756445872,1,1,47,0,27.5789746849781,837.282230403659,0.0748858447488584,0.0045662100456621,0.0245447347585115,1095,2,1,1.00456621004566,0.00454535977148099,0.0674192833800612,1,1,1,0,14.6970945140856,214.004587155963
reptilia-tortoise-network-fi.clean,/home/pseely/research/datasets/undirected/animal_social/reptilia-tortoise-network-fi/reptilia-tortoise-network-fi.clean.csv,ep_data.pkl,lep_data.pkl,0.00498533248901367,0.00164556503295898,0.000966548919677734,0.243558645248413,0.00618624687194824,0.257018327713013,0.599443674087524,1.52096569250318,787,1197,False,0.00387014171120401,104,0.424396442185515,0.113502935420744,511,126,1,1.54011741682975,33.5869424519667,5.79542426850414,1,1,125,0,19.7352931813738,414.896617401367,0.094,0.018,0.139771283354511,500,3,1,1.022,0.029516,0.171802211860034,1,1,2,0,8.68508029509146,81.9849694509464
reptilia-tortoise-network-fi-2011.clean,/home/pseely/research/datasets/undirected/animal_social/reptilia-tortoise-network-fi-2011/reptilia-tortoise-network-fi-2011.clean.csv,ep_data.pkl,lep_data.pkl,0.00220942497253418,0.000833511352539063,0.000344991683959961,0.0198190212249756,0.00367569923400879,0.0266187191009522,0.0796494483947754,1.09610983981693,437,479,False,0.00502802678815107,99,0.578947368421053,0.152073732718894,217,116,1,2.01382488479263,67.7647858310858,8.23193694285165,1,1,115,0,12.5652660532147,167.577599952545,0.123809523809524,0.0238095238095238,0.176201372997712,210,4,1,1.03333333333333,0.0607936507936508,0.246563685066659,1,1,3,0,9.44011364600465,101.302524388332
ENZYMES_g118.clean,/home/pseely/research/datasets/undirected/cheminformatics/ENZYMES_g118/ENZYMES_g118.clean.txt,ep_data.pkl,lep_data.pkl,0.00184798240661621,0.000179529190063477,0.000133037567138672,0.00173139572143555,9.29832458496094E-06,0.00271940231323242,0.00202631950378418,1.27368421052632,95,121,False,0.0270996640537514,1,0,0,95,1,1,1,0,0,1,1,0,0,nan,nan,0,0,0,95,1,1,1,0,0,1,1,0,0,nan,nan
ENZYMES_g293.clean,/home/pseely/research/datasets/undirected/cheminformatics/ENZYMES_g293/ENZYMES_g293.clean.txt,ep_data.pkl,lep_data.pkl,0.00154471397399902,0.000216007232666016,0.000117301940917969,0.00169205665588379,0.000600814819335938,0.00317668914794922,0.00216436386108398,1.13541666666667,96,109,False,0.0239035087719298,1,0.1875,0.103448275862069,87,2,1,1.10344827586207,0.0927467300832342,0.304543478149236,1,1,1,0,2.60423717853257,4.78205128205129,0.0487804878048781,0.0121951219512195,0.125,82,6,1,1.0609756097561,0.30116002379536,0.548780487804878,1,1,5,0,8.88888888888888,77.0123456790122
ENZYMES_g295.clean,/home/pseely/research/datasets/undirected/cheminformatics/ENZYMES_g295/ENZYMES_g295.clean.txt,ep_data.pkl,lep_data.pkl,0.00077056884765625,0.00024724006652832,0.000169515609741211,0.00347900390625,1.28746032714844E-05,0.00465226173400879,0.00532770156860352,1.13008130081301,123,139,False,0.0185259229641477,1,0,0,123,1,1,1,0,0,1,1,0,0,nan,nan,0,0,0,123,1,1,1,0,0,1,1,0,0,nan,nan
ENZYMES_g296,/home/pseely/research/datasets/undirected/cheminformatics/ENZYMES_g296/ENZYMES_g296.edges,ep_data.pkl,lep_data.pkl,0.000855207443237305,0.000227689743041992,0.000159740447998047,0.00351214408874512,1.64508819580078E-05,0.00468969345092773,0.00412654876708984,1.128,125,141,False,0.0181935483870968,1,0,0,125,1,1,1,0,0,1,1,0,0,nan,nan,0,0,0,125,1,1,1,0,0,1,1,0,0,nan,nan
ENZYMES_g297.clean,/home/pseely/research/datasets/undirected/cheminformatics/ENZYMES_g297/ENZYMES_g297.clean.txt,ep_data.pkl,lep_data.pkl,0.000788450241088867,0.000236034393310547,0.000164508819580078,0.00330853462219238,1.62124633789063E-05,0.00467634201049805,0.00346016883850098,1.23140495867769,121,149,False,0.0205234159779614,1,0,0,121,1,1,1,0,0,1,1,0,0,nan,nan,0,0,0,121,1,1,1,0,0,1,1,0,0,nan,nan
econ-poli.clean,/home/pseely/research/datasets/directed/economic/econ-poli/econ-poli.clean.csv,ep_data.pkl,lep_data.pkl,0.0129280090332031,0.0073082447052002,0.000562429428100586,0.000745534896850586,0.199777603149414,0.221374750137329,0.255825757980347,2.04291417165669,4008,8188,True,0.000509836329337831,269,0.961576846307385,0.425373134328358,268,1706,1,14.955223880597,12405.1323234573,111.378329685165,1,1,1705,2,13.5237179707858,197.101009921885,0.263157894736842,0.0287081339712919,0.926397205588822,209,53,1,1.2822966507177,12.9203086009936,3.59448307841247,1,1,52,0,14.2532990283025,202.054033892588
econ-mahindas.clean,/home/pseely/research/datasets/directed/economic/econ-mahindas/econ-mahindas.clean.csv,ep_data.pkl,lep_data.pkl,0.0131890773773193,0.00271821022033691,0.00378513336181641,3.34125423431397,0.000232696533203125,3.36133456230164,3.43734955787659,6.10651828298887,1258,7682,True,0.00485800977166975,1,0,0,1258,1,1,1,0,0,1,1,0,0,nan,nan,0,0,0,1258,1,1,1,0,0,1,1,0,0,nan,nan
econ-poli-large.clean,/home/pseely/research/datasets/directed/economic/econ-poli-large/econ-poli-large.clean.csv,ep_data.pkl,lep_data.pkl,0.140438795089722,0.0296790599822998,0.00353026390075684,0.0226011276245117,0.285888195037842,0.473828792572022,6.39054369926453,2.12353130016051,15575,33074,True,0.00013635105304742,1,0.9576886035313,0.474481658692185,1254,1472,1,12.4202551834131,3391.23566628257,58.2343169126467,1,1,1471,4,17.3959307056341,382.797704909574,0.287567567567568,0.0832432432432432,0.856051364365971,925,64,1,1.35567567567568,6.09511643535427,2.46882896032801,1,1,63,0,18.9942823902728,453.723352328486
econ-wm1.clean,/home/pseely/research/datasets/directed/economic/econ-wm1/econ-wm1.clean.csv,ep_data.pkl,lep_data.pkl,0.00234436988830566,0.000860691070556641,0.000633478164672852,0.00112199783325195,0.000869274139404297,0.00569367408752441,0.00254297256469727,11.1884615384615,260,2909,True,0.0431986931986932,3,0.626923076923077,0.312056737588653,141,49,1,1.84397163120567,17.3089884814647,4.16040724947267,1,1,48,1,10.4076705727678,114.187359451576,0.03,0.01,0.603846153846154,100,42,1,1.41,16.6419,4.07944849213714,1,1,41,0,9.84937058954027,95.0101010101007
econ-wm2.clean,/home/pseely/research/datasets/directed/economic/econ-wm2/econ-wm2.clean.csv,ep_data.pkl,lep_data.pkl,0.00291800498962402,0.000837564468383789,0.000697135925292969,0.00209999084472656,0.00106644630432129,0.00714230537414551,0.00572395324707031,11.3590733590734,259,2942,True,0.0440274161204394,3,0.579150579150579,0.314465408805031,159,41,1,1.62893081761006,10.2585340769748,3.20289464031754,1,1,40,1,11.6929176978993,140.610464324856,0.0353982300884956,0.0176991150442478,0.563706563706564,113,46,1,1.4070796460177,17.7634897016211,4.214675515579,1,1,45,0,10.4807223163642,107.899346577009
econ-wm3.clean,/home/pseely/research/datasets/directed/economic/econ-wm3/econ-wm3.clean.csv,ep_data.pkl,lep_data.pkl,0.00298428535461426,0.00144553184509277,0.000700473785400391,0.00162172317504883,0.0010838508605957,0.00658631324768066,0.00566864013671875,11.3822393822394,259,2948,True,0.0441172069079046,3,0.613899613899614,0.324324324324324,148,45,1,1.75,13.7415540540541,3.70696021749007,1,1,44,1,10.8025331245627,122.325034284313,0.0384615384615385,0.0192307692307692,0.598455598455599,104,44,1,1.42307692307692,17.6094674556213,4.19636359907257,1,1,43,0,10.042174447511,98.8994299193616
email-enron-only.clean,/home/pseely/research/datasets/undirected/email/email-enron-only/email-enron-only.clean.txt,ep_data.pkl,lep_data.pkl,0.00148701667785645,0.00043797492980957,0.000403881072998047,0.00456643104553223,0.000190973281860352,0.00687074661254883,0.00632095336914063,4.35664335664336,143,623,False,0.0613611740372304,1,0.013986013986014,0.00704225352112676,142,2,1,1.00704225352113,0.00699266018647094,0.0836221273735065,1,1,1,0,11.7901268949313,137.007092198582,0.00704225352112676,0,0,142,1,1,1,0,0,1,1,0,0,nan,nan
email-EU.clean,/home/pseely/research/datasets/undirected/email/email-EU/email-EU.clean.txt,ep_data.pkl,lep_data.pkl,0.326478958129883,0.0583593845367432,0.0502293109893799,265.827805042267,0.171005249023438,266.439566135407,32923.9492354393,1.67736663583102,32430,54397,False,0.00010344855751525,1,0.84477335800185,0.195718165841189,6259,321,1,5.18133887202429,331.857354270691,18.2169523870128,1,1,320,0,7.90633208873426,86.1885209896103,0.195589645254075,0.000159795461808885,0.000123342584027135,6258,2,1,1.00015979546181,0.00015976992721927,0.0126400129437936,1,1,1,0,79.0885589691771,6253.000159821
email-univ.clean,/home/pseely/research/datasets/undirected/email/email-univ/email-univ.clean.txt,ep_data.pkl,lep_data.pkl,0.0147635936737061,0.00382494926452637,0.00436711311340332,1.81647801399231,0.00284194946289063,1.84053516387939,1.98382449150085,9.62224183583407,1133,5451,False,0.00850021363589582,1,0.0423654015887026,0.0189873417721519,1106,3,1,1.0244122965642,0.0346662459247439,0.186188737373515,1,1,2,0,8.42961147887981,75.9885600418455,0.0189873417721519,0,0,1106,1,1,1,0,0,1,1,0,0,nan,nan
inf-euroroad.clean,/home/pseely/research/datasets/undirected/infrastructure/inf-euroroad/inf-euroroad.clean.txt,ep_data.pkl,lep_data.pkl,0.00929903984069824,0.00227475166320801,0.00198793411254883,2.17929124832153,0.00230026245117188,2.19492387771606,2.45271468162537,2.41396933560477,1174,1417,False,0.00205794487263834,26,0.0783645655877343,0.024346257889991,1109,24,1,1.05861136158702,0.567349198824927,0.753225861760553,1,1,23,0,26.2113464504622,777.063429305239,0.0136736554238833,0.00638103919781222,0.0442930153321976,1097,5,1,1.01093892433911,0.0254044967255522,0.159387881363522,1,1,4,0,18.7044476282623,404.271452116203
inf-power.clean,/home/pseely/research/datasets/undirected/infrastructure/inf-power/inf-power.clean.txt,ep_data.pkl,lep_data.pkl,0.101734399795532,0.0100209712982178,0.0219213962554932,146.141231298447,0.0371925830841064,146.294153690338,195.069466352463,2.66909532483303,4941,6594,False,0.000540302697334621,1,0.166565472576402,0.0779220779220779,4466,9,1,1.1063591580833,0.186851634552269,0.432263385625326,1,1,8,0,6.21921398446321,58.3721450533999,0.0683257918552036,0.0079185520361991,0.0378465897591581,4420,6,1,1.010407239819,0.0184437255584448,0.13580767856953,1,1,5,0,19.6410062320812,532.327469731455
inf-USAir97.clean,/home/pseely/research/datasets/undirected/infrastructure/inf-USAir97/inf-USAir97.clean.csv,ep_data.pkl,lep_data.pkl,0.00379562377929688,0.0012662410736084,0.00113201141357422,0.0380539894104004,0.00374031066894531,0.0483424663543701,0.054703950881958,12.8072289156627,332,2126,False,0.0386925344884068,1,0.262048192771084,0.11231884057971,276,12,1,1.20289855072464,0.734194496954421,0.856851502277041,1,1,11,0,8.47979336338544,93.5517274074166,0.109090909090909,0.00363636363636364,0.0120481927710843,275,2,1,1.00363636363636,0.00362314049586777,0.0601925285718067,1,1,1,0,16.4925331479138,270.003649635036
ia-crime-moreno.clean,/home/pseely/research/datasets/undirected/interaction/ia-crime-moreno/ia-crime-moreno.clean.txt,ep_data.pkl,lep_data.pkl,0.00635671615600586,0.00177717208862305,0.00173592567443848,0.691438436508179,0.00539326667785645,0.706492185592651,0.791119575500488,3.55850422195416,829,1475,False,0.00429771041298812,1,0.131483715319662,0.0563564875491481,763,6,1,1.08650065530799,0.173382643184367,0.416392414897735,1,1,5,0,6.44779371753867,50.7615469370113,0.0563564875491481,0,0,763,1,1,1,0,0,1,1,0,0,nan,nan
ia-reality.clean,/home/pseely/research/datasets/undirected/interaction/ia-reality/ia-reality.clean.txt,ep_data.pkl,lep_data.pkl,0.0569264888763428,0.00862312316894531,0.00289225578308105,0.178066253662109,0.0217700004577637,0.234534978866577,833.352852106094,2.25583786165369,6809,7680,False,0.000331351037258181,1,0.946394477896901,0.277227722772277,505,233,1,13.4831683168317,1169.46951867464,34.1975074921352,1,1,232,1,3.38956404290179,12.4136583114718,0.277227722772277,0,0,505,1,1,1,0,0,1,1,0,0,nan,nan
power-494-bus.clean,/home/pseely/research/datasets/undirected/power/power-494-bus/power-494-bus.clean.csv,ep_data.pkl,lep_data.pkl,0.00416040420532227,0.00114870071411133,0.000895977020263672,0.170163631439209,0.00441718101501465,0.180343151092529,0.196132898330688,4.37246963562753,494,1080,False,0.00886910676597876,1,0.186234817813765,0.0904977375565611,442,5,1,1.11764705882353,0.176204418418951,0.419767100210285,1,1,4,0,4.58186492770102,26.363167550497,0.080091533180778,0.0091533180778032,0.0404858299595142,437,3,1,1.01144164759725,0.0158873953364159,0.126045211477532,1,1,2,0,12.2968403198603,164.73853718503
power-662-bus.clean,/home/pseely/research/datasets/undirected/power/power-662-bus/power-662-bus.clean.csv,ep_data.pkl,lep_data.pkl,0.00539994239807129,0.00147342681884766,0.00141549110412598,0.467191696166992,0.00204014778137207,0.477252960205078,0.47791314125061,4.73716012084592,662,1568,False,0.00716665676376085,1,0.054380664652568,0.0279503105590062,644,2,1,1.02795031055901,0.0271690906986613,0.16483049080392,1,1,1,0,5.72769864530144,30.806531771388,0.021875,0.003125,0.0181268882175227,640,3,1,1.00625,0.0124609375,0.111628569371823,1,1,2,0,17.8045818483962,315.003134796238
power-685-bus.clean,/home/pseely/research/datasets/undirected/power/power-685-bus/power-685-bus.clean.csv,ep_data.pkl,lep_data.pkl,0.00614809989929199,0.00166654586791992,0.00168609619140625,0.570350646972656,0.00177884101867676,0.581316232681274,0.582944869995117,5.74306569343066,685,1967,False,0.00839629487343663,1,0.035036496350365,0.0178306092124814,673,2,1,1.01783060921248,0.0175126785875932,0.132335477433654,1,1,1,0,7.28707675580423,51.1014876449823,0.0178306092124814,0,0,673,1,1,1,0,0,1,1,0,0,nan,nan
power-1138-bus.clean,/home/pseely/research/datasets/undirected/power/power-1138-bus/power-1138-bus.clean.csv,ep_data.pkl,lep_data.pkl,0.011709451675415,0.00270438194274902,0.00234389305114746,1.57483220100403,0.00984072685241699,1.59906792640686,2.11789917945862,4.56239015817223,1138,2596,False,0.00401265625169062,1,0.187170474516696,0.0913555992141454,1018,7,1,1.11787819253438,0.202214751371193,0.449682945386183,1,1,6,0,6.13092238207599,53.3828742271366,0.0796019900497512,0.0109452736318408,0.0456942003514939,1005,3,1,1.01293532338308,0.0167481002945472,0.129414451644888,1,1,2,0,11.1760702817136,137.912588950921
power-bcspwr09.clean,/home/pseely/research/datasets/undirected/power/power-bcspwr09/power-bcspwr09.clean.txt,ep_data.pkl,lep_data.pkl,0.0174934864044189,0.00384688377380371,0.00396609306335449,6.0492639541626,0.0130643844604492,6.08666443824768,7.64447474479675,4.77887405687754,1723,4117,False,0.00277518818634003,1,0.158444573418456,0.0752551020408163,1568,6,1,1.09885204081633,0.160508886271345,0.400635602850452,1,1,5,0,5.66143303051094,42.211194715456,0.067524115755627,0.00707395498392283,0.0290191526407429,1555,3,1,1.00836012861736,0.0108625841337455,0.104223721550065,1,1,2,0,13.9595483357788,215.935885482968
power-bcspwr10.clean,/home/pseely/research/datasets/undirected/power/power-bcspwr10/power-bcspwr10.clean.txt,ep_data.pkl,lep_data.pkl,0.0798304080963135,0.0138559341430664,0.0376603603363037,227.532366991043,0.0109663009643555,227.672254562378,244.430183649063,5.1211320754717,5300,13571,False,0.000966433680972202,1,0.0383018867924528,0.0188642925890279,5195,4,1,1.02021174205967,0.0232680976099585,0.152538839676846,1,1,3,0,8.87421281882592,99.9206056763363,0.0158331724271095,0.00251013709210272,0.0113207547169811,5179,3,1,1.00308939949797,0.00423837992045423,0.0651028411089272,1,1,2,0,23.6496528581605,615.91966252584
power-eris1176.clean,/home/pseely/research/datasets/undirected/power/power-eris1176/power-eris1176.clean.txt,ep_data.pkl,lep_data.pkl,0.009735107421875,0.0047605037689209,0.00150156021118164,0.106595516204834,0.024169921875,0.145890951156616,2.47093749046326,16.7755102040816,1176,9864,False,0.0142770299609205,2,0.846938775510204,0.559902200488998,409,47,1,2.87530562347188,16.774182363807,4.09562966634033,2,1,46,2,5.74028582842615,45.5984817012136,0.328358208955224,0.100746268656716,0.573979591836735,268,25,1,1.52611940298507,7.4806610603698,2.73507971737019,1,1,24,0,7.25646947770576,56.0120229062379
power-US-Grid.clean,/home/pseely/research/datasets/undirected/power/power-US-Grid/power-US-Grid.clean.txt,ep_data.pkl,lep_data.pkl,0.0909030437469482,0.0100724697113037,0.0221946239471436,143.410930156708,0.0359835624694824,143.567315101624,187.500596284866,2.66909532483303,4941,6594,False,0.000540302697334621,1,0.166565472576402,0.0779220779220779,4466,9,1,1.1063591580833,0.186851634552269,0.432263385625326,1,1,8,0,6.21921398446321,58.3721450533999,0.0683257918552036,0.0079185520361991,0.0378465897591581,4420,6,1,1.010407239819,0.0184437255584448,0.13580767856953,1,1,5,0,19.6410062320812,532.327469731455
rt_barackobama.clean,/home/pseely/research/datasets/directed/retweet/rt_barackobama/rt_barackobama.clean.csv,ep_data.pkl,lep_data.pkl,0.0236961841583252,0.0113081932067871,0.000878334045410156,0.00044703483581543,0.617074012756348,0.684160470962524,2.20759034156799,1.02024711867926,9631,9826,True,0.000105944664452675,1,0.991070501505555,0.445161290322581,155,6011,1,62.1354838709677,255378.826805411,505.350202142446,1,1,6010,3,10.8532473970844,122.103597436277,0.295081967213115,0.0573770491803279,0.958467448863047,122,26,1,1.27049180327869,5.16453910239184,2.27256223289745,1,1,25,0,10.5758000261105,111.949148118199
rt_dash.clean,/home/pseely/research/datasets/directed/retweet/rt_dash/rt_dash.clean.csv,ep_data.pkl,lep_data.pkl,0.0231225490570068,0.0102496147155762,0.00119781494140625,0.00205755233764648,0.427255392074585,0.459853172302246,0.811043977737427,1.18559160305344,6288,7455,True,0.000188578273111728,1,0.941952926208652,0.324074074074074,540,1581,1,11.6444444444444,7442.65135802469,86.2708024654036,1,1,1580,1,13.6739960226044,217.964736723514,0.164759725400458,0.0137299771167048,0.857029262086514,437,99,1,1.23569794050343,21.9330048332452,4.68326860571174,1,1,98,0,20.8166427350338,431.553773535484
rt_gmanews.clean,/home/pseely/research/datasets/directed/retweet/rt_gmanews/rt_gmanews.clean.csv,ep_data.pkl,lep_data.pkl,0.0200979709625244,0.00989484786987305,0.000760555267333984,0.000455856323242188,0.592179775238037,0.621863842010498,1.72499895095825,1.05481906126836,8373,8832,True,0.000125993676692351,1,0.991998089095904,0.436974789915966,119,5950,1,70.3613445378151,315157.995480545,561.389343932128,1,1,5949,2.5,9.82898056072415,98.5979793907626,0.323232323232323,0.0202020202020202,0.975397109757554,99,20,1,1.2020202020202,3.61575349454137,1.90151347471991,1,1,19,0,9.75845473865152,93.4747945841294
rt_http.clean,/home/pseely/research/datasets/directed/retweet/rt_http/rt_http.clean.csv,ep_data.pkl,lep_data.pkl,0.021869421005249,0.0128545761108398,0.000504732131958008,0.000211477279663086,1.49715137481689,1.53245544433594,1.69791889190674,1.15711562184591,8917,10318,True,0.000129779679435387,1,0.990355500728945,0.422818791946309,149,6153,1,59.8456375838926,258415.794964191,508.346136962002,1,1,6152,2,11.5795237451611,135.554174431659,0.122448979591837,0.0102040816326531,0.985308960412695,98,52,1,1.52040816326531,26.2699916701374,5.12542599889389,1,1,51,0,9.74732318528276,93.0103092783507
rt_justinbieber.clean,/home/pseely/research/datasets/directed/retweet/rt_justinbieber/rt_justinbieber.clean.csv,ep_data.pkl,lep_data.pkl,0.0219624042510986,0.0108394622802734,0.000547647476196289,0.000134468078613281,0.196875333786011,0.264694213867188,2.2026743888855,1.02232854864434,9405,9615,True,0.000108712095772473,1,0.997767145135566,0.571428571428571,49,3119,1,191.938775510204,395630.873802582,628.991950506986,2,1,3118,10,3.75882394828,13.3600328651896,0.4,0.142857142857143,0.982243487506645,35,11,1,1.4,2.81142857142857,1.67673151441385,1,1,10,0,5.35594859861475,27.7063751735079
rt_ksa.clean,/home/pseely/research/datasets/directed/retweet/rt_ksa/rt_ksa.clean.csv,ep_data.pkl,lep_data.pkl,0.0231389999389648,0.00936746597290039,0.000535964965820313,0.000302791595458984,0.185178279876709,0.216909885406494,1.07284045219421,1.11270884689126,7302,8125,True,0.000152404992040989,1,0.986989865790194,0.497354497354497,189,1678,1,38.6349206349206,34424.4222726127,185.53819626323,1,1,1677,3,6.58188421434052,46.1554742491451,0.296296296296296,0.0666666666666667,0.954533004656259,135,47,1,1.4,15.5733333333333,3.946306289853,1,1,46,0,11.4277141614501,129.057439247514
rt_libya.clean,/home/pseely/research/datasets/directed/retweet/rt_libya/rt_libya.clean.csv,ep_data.pkl,lep_data.pkl,0.0508062839508057,0.00699520111083984,0.000810861587524414,0.00149178504943848,0.209605693817139,0.233745813369751,0.499376773834229,1.09532267613973,5067,5550,True,0.000216210555890195,1,0.945332543911585,0.3075,400,1264,1,12.6675,6648.68194375,81.5394502296281,1,1,1263,1,11.4083815275144,150.996683128122,0.16566265060241,0.0150602409638554,0.858496151568976,332,64,1,1.20481927710843,11.9339526781826,3.45455535173235,1,1,63,0,18.091403400388,325.850791742605
rt_lolgop.clean,/home/pseely/research/datasets/directed/retweet/rt_lolgop/rt_lolgop.clean.csv,ep_data.pkl,lep_data.pkl,0.0254993438720703,0.0119466781616211,0.000558614730834961,0.000328302383422852,0.793232917785645,0.865112781524658,2.91345882415772,1.05724526369688,9765,10324,True,0.000108279932783375,1,0.994572452636969,0.518181818181818,110,7894,1,88.7727272727273,566341.448347108,752.556608068196,2,1,7893,4.75,10.1516193014087,102.205492816042,0.345679012345679,0.0493827160493827,0.977470558115719,81,27,1,1.35802469135802,8.25453436976071,2.87307054729965,1,1,26,0,8.77525931938452,75.33169319647
rt_mittromney.clean,/home/pseely/research/datasets/directed/retweet/rt_mittromney/rt_mittromney.clean.csv,ep_data.pkl,lep_data.pkl,0.0598921775817871,0.0101549625396729,0.0016789436340332,0.00449109077453613,0.673835039138794,0.711372137069702,1.6119441986084,1.07812891898671,7974,8597,True,0.00013522249077972,1,0.951843491346877,0.34020618556701,582,2849,1,13.7010309278351,18245.0652566692,135.074295321757,1,1,2848,1,17.6487738446793,344.687049187712,0.206611570247934,0.012396694214876,0.812014045648357,484,93,1,1.20247933884298,17.4631343487466,4.17889152153375,1,1,92,0,21.9011224083968,478.098644272352
rt_oman.clean,/home/pseely/research/datasets/directed/retweet/rt_oman/rt_oman.clean.csv,ep_data.pkl,lep_data.pkl,0.0460059642791748,0.00644659996032715,0.000873804092407227,0.000558376312255859,0.314600467681885,0.339319467544556,0.451015949249268,1.27161500815661,4904,6236,True,0.000259354478514503,1,0.962479608482871,0.363321799307959,289,2207,1,16.9688581314879,20765.3796530214,144.101976575692,1,1,2206,1,13.3048659501319,189.298490628049,0.174887892376682,0.00896860986547085,0.908034257748777,223,66,1,1.29596412556054,18.8630778821211,4.34316450092799,1,1,65,0,14.8272901155893,217.899916025517
rt_onedirection.clean,/home/pseely/research/datasets/directed/retweet/rt_onedirection/rt_onedirection.clean.csv,ep_data.pkl,lep_data.pkl,0.0210089683532715,0.0111427307128906,0.000602960586547852,0.000111818313598633,0.255060195922852,0.282557964324951,1.88137435913086,1.01827970451984,7987,8133,True,0.000127508102243907,1,0.996744710154,0.509433962264151,53,4747,1,150.698113207547,463582.927732289,680.869244225563,2,1,4746,8,5.98000228546386,36.5448039630197,0.333333333333333,0.0769230769230769,0.946538124452235,39,13,1,1.35897435897436,3.61472715318869,1.9012435807094,1,1,12,0,5.88142151728645,33.0388941989025
rt_qatif.clean,/home/pseely/research/datasets/directed/retweet/rt_qatif/rt_qatif.clean.csv,ep_data.pkl,lep_data.pkl,0.0254418849945068,0.00968313217163086,0.000575780868530273,0.000373125076293945,0.179555416107178,0.214435577392578,1.17562127113342,1.13679182698686,7537,8568,True,0.000150848172370868,1,0.980761576223962,0.372294372294372,231,2565,1,32.6277056277056,43813.5756826146,209.316926412115,1,1,2564,2,9.74917171419703,103.681822782822,0.147058823529412,0.0235294117647059,0.934722037946132,170,59,1,1.35882352941176,19.6771280276817,4.43589089447449,1,1,58,0,12.905992903568,164.71006579637
rt_saudi.clean,/home/pseely/research/datasets/directed/retweet/rt_saudi/rt_saudi.clean.csv,ep_data.pkl,lep_data.pkl,0.0268352031707764,0.0162975788116455,0.000439882278442383,0.000277280807495117,0.223377227783203,0.285536289215088,0.97074031829834,1.11610590182019,7252,8094,True,0.000153924410677174,1,0.989658025372311,0.456521739130435,138,1521,1,52.5507246376812,53025.3343835329,230.272304855649,1,1,1520,4,5.45286400662857,29.3036789705183,0.299065420560748,0.0467289719626168,0.930915609487038,107,28,1,1.28971962616822,6.76652982793257,2.60125543304239,1,1,27,0,10.1176277509753,100.896158490979
rt_uae.clean,/home/pseely/research/datasets/directed/retweet/rt_uae/rt_uae.clean.csv,ep_data.pkl,lep_data.pkl,0.0489892959594727,0.00733566284179688,0.000846147537231445,0.000588655471801758,0.333991527557373,0.358659029006958,0.642042636871338,1.21836890243902,5248,6394,True,0.000232202954533834,1,0.964176829268293,0.340350877192982,285,2086,1,18.4140350877193,19291.3162942444,138.893183037341,1,1,2085,1,12.5883020474377,174.776620149803,0.186147186147186,0.0216450216450216,0.877667682926829,231,51,1,1.23376623376623,10.7851801877776,3.28407980837518,1,1,50,0,15.0642462311384,225.282413765449
socfb-Caltech36.clean,/home/pseely/research/datasets/undirected/rfacebook/socfb-Caltech36/socfb-Caltech36.clean.txt,ep_data.pkl,lep_data.pkl,0.0312225818634033,0.00743556022644043,0.00897860527038574,0.63805079460144,0.000854730606079102,0.679547786712647,0.697782516479492,43.3185955786736,769,16656,False,0.0564044213263979,4,0.0143042912873862,0.005249343832021,762,4,1,1.00918635170604,0.0196006503124117,0.140002322525063,1,1,3,0,17.4974818667188,330.554968482633,0.005249343832021,0,0,762,1,1,1,0,0,1,1,0,0,nan,nan
socfb-nips-ego.clean,/home/pseely/research/datasets/undirected/rfacebook/socfb-nips-ego/socfb-nips-ego.clean.txt,ep_data.pkl,lep_data.pkl,0.00655627250671387,0.00341320037841797,0.000772714614868164,0.000227212905883789,0.01023268699646,0.0210659503936768,339.329042434692,2.06440443213296,2888,2981,False,0.000715069079367151,1,0.994113573407202,0.514285714285714,35,756,1,82.5142857142857,34042.4783673469,184.506038837072,2,1,755,46,2.70905083293808,6.33672562977552,0.514285714285714,0,0,35,1,1,1,0,0,1,1,0,0,nan,nan
socfb-Reed98.clean,/home/pseely/research/datasets/undirected/rfacebook/socfb-Reed98/socfb-Reed98.clean.txt,ep_data.pkl,lep_data.pkl,0.0300359725952148,0.00781583786010742,0.0113625526428223,1.2588267326355,0.0010068416595459,1.31006813049316,1.23982262611389,39.1101871101871,962,18812,False,0.0406973851302675,1,0.0124740124740125,0.00523560209424084,955,4,1,1.00732984293194,0.0135588388476193,0.116442427180213,1,1,3,0,20.3709752051145,475.986486596773,0.00523560209424084,0,0,955,1,1,1,0,0,1,1,0,0,nan,nan
tech-routers-rf.clean,/home/pseely/research/datasets/undirected/technological/tech-routers-rf/tech-routers-rf.clean.txt,ep_data.pkl,lep_data.pkl,0.0195825099945068,0.0057375431060791,0.00605106353759766,7.25098967552185,0.0211420059204102,7.30361294746399,12.0055093765259,6.27733080927591,2113,6632,False,0.00297222102711928,1,0.266445811642215,0.106628242074928,1735,12,1,1.2178674351585,0.720257123636938,0.848679635455534,1,1,11,0,6.33566661624748,53.8097355206606,0.102489866821077,0.00463231036479444,0.0179839091339328,1727,2,1,1.00463231036479,0.00461085206547866,0.067903255190592,1,1,1,0,14.5903959462562,210.879653868528
tech-pgp.clean,/home/pseely/research/datasets/undirected/technological/tech-pgp/tech-pgp.clean.txt,ep_data.pkl,lep_data.pkl,0.195685386657715,0.027416467666626,0.0553028583526611,809.460088253021,0.167328357696533,809.892830610275,1918.72058224678,4.55355805243446,10680,24316,False,0.000426403038902,1,0.392883895131086,0.183786505538771,7944,40,1,1.34441087613293,1.59940733168433,1.26467676964682,1,1,39,0,12.5891246025901,263.64262583139,0.176111817026684,0.00864040660736976,0.0391385767790262,7870,3,1,1.00940279542567,0.0108391605004448,0.104111289015384,1,1,2,0,12.1141307269346,163.454580383612
tech-as-caida2007.clean,/home/pseely/research/datasets/undirected/technological/tech-as-caida2007/tech-as-caida2007.clean.txt,ep_data.pkl,lep_data.pkl,0.421346187591553,0.0797426700592041,0.0893690586090088,2890.65097641945,0.331986665725708,2891.57827925682,20035.3242607117,4.03255901794145,26475,53381,False,0.000152321485908493,1,0.5961850802644,0.193253848475702,13252,351,1,1.99781165107154,61.194305503915,7.82267892118263,1,1,350,0,26.9036974776844,922.568593663727,0.190259789441794,0.0037112777399076,0.00898961284230406,13203,2,1,1.00371127773991,0.00369750415744486,0.0608071061426612,1,1,1,0,16.3233790832189,264.452704694467
tech-WHOIS.clean,/home/pseely/research/datasets/undirected/technological/tech-WHOIS/tech-WHOIS.clean.txt,ep_data.pkl,lep_data.pkl,0.196429252624512,0.0515644550323486,0.070955753326416,318.67787694931,0.0665478706359863,319.016412734985,483.816587924957,15.2335473515249,7476,56943,False,0.00203793275605684,1,0.210272873194222,0.0708215297450425,6354,59,1,1.17658168083097,1.5136725455001,1.23031400280583,1,1,58,0,23.7976703270528,901.317517638948,0.0703826169107227,0.000472366556447804,0.00160513643659711,6351,2,1,1.00047236655645,0.000472143426284153,0.021728861596599,1,1,1,0,45.9782608695652,2112.00047258979
musae_DE_edges.clean,/home/pseely/research/datasets/undirected/social/twitch/DE/musae_DE_edges.clean.csv,ep_data.pkl,lep_data.pkl,0.357161283493042,0.0715844631195068,0.263782024383545,1156.92877340317,0.00695109367370606,1157.82828593254,1180.34398794174,32.2463676563487,9498,153138,False,0.00339542673016202,1,0.0155822278374395,0.00372935535428876,9385,35,1,1.01204049014385,0.240984488504395,0.490901709616492,1,1,34,0,65.0085719740495,4367.3659352056,0.00372935535428876,0,0,9385,1,1,1,0,0,1,1,0,0,nan,nan
soc-epinions.clean,/home/pseely/research/datasets/undirected/social/soc-epinions/soc-epinions.clean.txt,ep_data.pkl,lep_data.pkl,0.598780870437622,0.12223219871521,0.221841812133789,13977.9598178864,0.35292649269104,13979.2882568836,26177.9204213619,7.53121709041673,26588,100120,False,0.000283266900756638,1,0.313073567022717,0.124238791656677,20855,66,1,1.27489810596979,2.29647610445817,1.51541284950939,1,1,65,0,21.2669878549149,686.243878391977,0.119340373209894,0.00540045325232653,0.0230555137656085,20739,3,1,1.00559332658277,0.00594778794138575,0.0771219031234691,1,1,2,0,14.4986250343992,227.201220152518
email-enron-large.clean,/home/pseely/research/datasets/undirected/email/email-enron-large/email-enron-large.clean.txt,ep_data.pkl,lep_data.pkl,0.633121967315674,0.128487110137939,0.303650617599487,12237.5147621632,0.515257120132446,12239.121462822,88602.0877709389,10.7318969610636,33696,180811,False,0.0003185011711252,1,0.497091642924976,0.160257680872151,20180,1187,1,1.66977205153617,94.2726145169197,9.70940855649404,1,1,1186,0,93.38594583005,11060.6047061156,0.158840464608359,0.0016380422912737,0.00557929724596391,20146,3,1,1.00168767993646,0.0017841069632761,0.0422386903593861,1,1,2,0,26.2275941106208,741.331090482745
RO_edges.clean,/home/pseely/research/datasets/undirected/social/gemsec_deezer_dataset/deezer_clean_data/RO_edges.clean.csv,ep_data.pkl,lep_data.pkl,1.40411686897278,0.21760368347168,0.482612371444702,117010.243522882,0.452104091644287,117012.888286114,135518.729665995,6.02427405261772,41773,125826,False,0.000144217994173555,1,0.0246810140521389,0.0119079378167972,41233,5,1,1.01309630635656,0.0157380737411165,0.125451479629044,1,1,4,0,11.3305895289212,162.184629610775,0.0116922181253639,0.000218319425577334,0.000861800684652766,41224,2,1,1.00021831942558,0.000218271762205749,0.0147740232234063,1,1,1,0,67.6568153463607,4575.44466281154
web-polblogs.clean,/home/pseely/research/datasets/undirected/web_graphs/web-polblogs/web-polblogs.clean.txt,ep_data.pkl,lep_data.pkl,0.006324052810668945,0.0019412040710449219,0.0026481151580810547,0.2423999309539795,0.003937244415283203,0.2572505474090576,0.33204007148742676,7.091757387247278,643,2280,False,0.011046351070478628,1,0.20373250388802489,0.0570902394106814,543,39,1,1.1841620626151013,3.1263053291684915,1.7681361172626082,1,1,38,0.0,18.657875048014855,385.7189342026173,0.0570902394106814,0.0,0.0,543,1,1,1.0,0.0,0.0,1.0,1,0,0.0,nan,nan
web-edu.clean,/home/pseely/research/datasets/undirected/web_graphs/web-edu/web-edu.clean.txt,ep_data.pkl,lep_data.pkl,0.016722917556762695,0.008362770080566406,0.003690958023071289,0.8482866287231445,0.6952731609344482,1.5723364353179932,40.28394389152527,4.27185747278126,3031,6474,False,0.0014098539514129573,1,0.9429231276806335,0.7810126582278482,790,55,1,3.8367088607594937,34.16700688992149,5.845255074838179,2.0,2,54,0.0,4.100764419201522,21.155078114297847,0.3215686274509804,0.16470588235294117,0.8531837677334213,255,35,1,3.0980392156862746,45.35117262591311,6.734327926817428,1.0,1,34,0.0,3.2652178642608916,9.176665131222542
web-EPA.clean,/home/pseely/research/datasets/undirected/web_graphs/web-EPA/web-EPA.clean.txt,ep_data.pkl,lep_data.pkl,0.06363081932067871,0.009829998016357422,0.014489889144897461,13.991872549057007,0.024958372116088867,14.10478162765503,83.74305391311646,4.171856708030906,4271,8909,False,0.0009770156224896737,8,0.528681807539218,0.09201623815967523,2217,115,1,1.9264772214704555,41.31845547456008,6.427943331623271,1,1,114,0.0,11.475398499578699,156.23336663123675,0.09201623815967523,0.0,0.0,2217,1,1,1.0,0.0,0.0,1.0,1,0,0.0,nan,nan
web-indochina-2004.clean,/home/pseely/research/datasets/undirected/web_graphs/web-indochina-2004/web-indochina-2004.clean.txt,ep_data.pkl,lep_data.pkl,0.15438318252563477,0.05590677261352539,0.026498794555664062,60.82571482658386,0.33138561248779297,61.39388918876648,1684.350508928299,8.382813875682338,11358,47606,False,0.0007381186823705502,1,0.8523507659799261,0.5102219626168224,3424,136,1,3.3171728971962615,38.97358359627478,6.242882635151391,2.0,1,135,2.0,9.400221677968034,138.5227587564796,0.35025184037194884,0.10693529639674544,0.5059869695368903,2581,52,1,1.3266175900813637,7.157559617032705,2.6753615862220763,1.0,1,51,0.0,15.518166972585822,262.2377676444692
web-spam.clean,/home/pseely/research/datasets/undirected/web_graphs/web-spam/web-spam.clean.txt,ep_data.pkl,lep_data.pkl,0.1221466064453125,0.021990537643432617,0.05048799514770508,122.54947996139526,0.0262911319732666,122.77039623260498,142.34456586837769,15.680721627858192,4767,37375,False,0.0032901220368984877,1,0.12586532410320955,0.047978067169294036,4377,20,1,1.0891021247429746,0.3562371878798812,0.5968560864059955,1,1,19,0.0,15.054141720661343,338.0887196697632,0.047325102880658436,0.0006858710562414266,0.002936857562408223,4374,2,1,1.0006858710562414,0.0006854006371356369,0.026180157316861883,1.0,1,1,0.0,38.14447124213154,1453.0006863417984
web-webbase-2001.clean,/home/pseely/research/datasets/undirected/web_graphs/web-webbase-2001/web-webbase-2001.clean.txt,ep_data.pkl,lep_data.pkl,0.14641237258911133,0.03153586387634277,0.025907516479492188,66.51149439811707,0.15453028678894043,66.86988043785095,6111.047354698181,3.1867762420620096,16062,25593,False,0.000198417050125273,1,0.8630307558211929,0.38444320089535533,3574,603,1,4.494124230554001,408.98975282843907,20.22349506955806,1.0,1,602,1.0,18.522741424619305,442.5988848728577,0.3286542569423253,0.045468416234360695,0.12252521479267837,3277,7,1,1.090631675312786,0.23133426683921346,0.48097221004878593,1.0,1,6,0.0,6.429882275969851,46.777457988359494
web-frwikinews-user-edits.clean,/home/pseely/research/datasets/undirected/web_graphs/web-frwikinews-user-edits/web-frwikinews-user-edits.clean.csv,ep_data.pkl,lep_data.pkl,0.1519608497619629,0.0950775146484375,0.05230450630187988,383.02639174461365,0.21555614471435547,383.5412907600403,15654.90125823021,5.485105023560418,25042,68679,False,0.00021904496719621494,1,0.7754172989377845,0.17367029091977668,6806,2031,1,3.6794005289450484,1322.8478477746337,36.37097534813486,1.0,1,2030,0.0,35.425395126761394,1638.1962788852786,0.1696441754023328,0.004134061715635612,0.010941618081622874,6773,3,1,1.004872287021999,0.0063249984539013775,0.07952985888269498,1.0,1,2,0.0,18.30733854686465,372.6239337024897
bio-CE-CX.clean,/home/pseely/research/datasets/undirected/biological/bio-CE-CX/bio-CE-CX.clean.csv,ep_data.pkl,lep_data.pkl,0.675276517868042,0.15766525268554688,0.42919039726257324,5415.367352724075,0.015169382095336914,5416.644654273987,5412.269711494446,32.300479348611205,15229,245952,False,0.0021211242020364595,78,0.021472191214130933,0.005804256454733471,14989,134,1,1.0160117419440924,1.1999571140125038,1.0954255401498103,1,1,133,0.0,119.4923717163427,14489.21402838101,0.005671582037766064,0.0001334489891239074,0.001641604832884628,14987,2,1,1.0001334489891238,0.00013343118049120918,0.011551241512980722,1.0,1,1,0.0,86.54767549430088,7488.500133466804
bio-grid-human.clean,/home/pseely/research/datasets/undirected/biological/bio-grid-human/bio-grid-human.clean.csv,ep_data.pkl,lep_data.pkl,0.11403369903564453,0.027865886688232422,0.06849193572998047,588.1366574764252,0.07884812355041504,588.4258971214294,1104.7890691757202,6.609156422212802,9436,31182,False,0.0007004935264666457,111,0.26875794828317084,0.08633474576271187,7552,176,1,1.2494703389830508,6.727753956747345,2.5937914250662764,1.0,1,175,0.0,46.71505231078449,2867.487151253934,0.0850019891261106,0.0014586924811033019,0.00900805426027978,7541,2,1,1.0014586924811033,0.0014565646973488742,0.03816496688520605,1.0,1,1,0.0,26.125598851869956,680.5469153688282
bio-WormNet-v3.clean,/home/pseely/research/datasets/undirected/biological/bio-WormNet-v3/bio-WormNet-v3.clean.csv,ep_data.pkl,lep_data.pkl,1.9435479640960693,0.39349913597106934,0.9200034141540527,6781.439654111862,0.019714832305908203,6784.716419458389,6982.028945446014,93.3286841622316,16347,762822,False,0.005709573238849358,42,0.021716522909402337,0.006769765853052606,16101,72,1,1.0152785541270728,0.35142174248088554,0.5928083522361046,1,1,71,0.0,107.96997552119551,12787.921892623994,0.006646375551276477,0.00012423131871544817,0.0007952529516119165,16099,2,1,1.0001242313187155,0.00012421588529489837,0.011145218046090366,1.0,1,1,0.0,89.70228605920109,8044.500124246751
bio-grid-fruitfly.clean,/home/pseely/research/datasets/undirected/biological/bio-grid-fruitfly/bio-grid-fruitfly.clean.csv,ep_data.pkl,lep_data.pkl,0.08974075317382812,0.021711349487304688,0.05658578872680664,354.06805777549744,0.054862022399902344,354.2909576892853,484.5001654624939,6.844652185867473,7274,24894,False,0.0009411043841423722,53,0.19549078911190543,0.07125853039200127,6301,92,1,1.1544199333439136,1.9141008419070573,1.383510333140688,1,1,91,0.0,47.47599180671691,2983.3816107547495,0.07052096569250317,0.0007941550190597204,0.004536706076436623,6296,2,1,1.0007941550190598,0.0007935243368654224,0.028169564016246727,1.0,1,1,0.0,35.44292305646083,1254.2007947862037
bio-grid-yeast.clean,/home/pseely/research/datasets/undirected/biological/bio-grid-yeast/bio-grid-yeast.clean.csv,ep_data.pkl,lep_data.pkl,0.28368163108825684,0.1402113437652588,0.1544044017791748,259.88681530952454,0.007765054702758789,260.47287774086,286.14008498191833,52.245339547270305,6008,156945,False,0.0086974096133295,1,0.05043275632490013,0.008860319666435024,5756,64,1,1.043780403057679,1.1912729913880238,1.0914545301514047,1.0,1,63,0.0,43.86984615437398,2240.5242061573394,0.008860319666435024,0.0,0.0,5756,1,1,1.0,0.0,0.0,1.0,1,0,0.0,nan,nan
bio-HS-CX.clean,/home/pseely/research/datasets/undirected/biological/bio-HS-CX/bio-HS-CX.clean.csv,ep_data.pkl,lep_data.pkl,0.2454206943511963,0.04351949691772461,0.09281182289123535,103.88021898269653,0.01495051383972168,104.27692151069641,115.45566964149475,49.317017901654204,4413,108818,False,0.011177927901553537,3,0.07613868116927261,0.02743320610687023,4192,17,1,1.052719465648855,0.3066195129035313,0.5537323477128019,1.0,1,16,0.0,21.647106786522894,556.0439051370911,0.02743320610687023,0.0,0.0,4192,1,1,1.0,0.0,0.0,1.0,1,0,0.0,nan,nan
bio-HS-LC.clean,/home/pseely/research/datasets/undirected/biological/bio-HS-LC/bio-HS-LC.clean.csv,ep_data.pkl,lep_data.pkl,0.11559581756591797,0.01977825164794922,0.037789344787597656,50.21110153198242,0.03182268142700195,50.41608762741089,92.89314103126526,18.681807428436244,4227,39484,False,0.004420683253297739,6,0.26614620298083747,0.07897862232779097,3368,107,1,1.2550475059382422,6.963751244774066,2.6388920487155336,1.0,1,106,0.0,31.197064068999335,1146.501989844093,0.07897862232779097,0.0,0.0,3368,1,1,1.0,0.0,0.0,1.0,1,0,0.0,nan,nan
bio-DM-CX.clean,/home/pseely/research/datasets/undirected/biological/bio-DM-CX/bio-DM-CX.clean.csv,ep_data.pkl,lep_data.pkl,0.184004545211792,0.03339195251464844,0.07577657699584961,81.4373631477356,0.01573944091796875,81.74627566337585,89.84036350250244,37.97871287128713,4040,76717,False,0.009402998977788346,5,0.08044554455445545,0.030785285677015394,3833,16,1,1.054004696060527,0.1987532032130109,0.44581745503402054,1,1,15,0.0,17.09777504339899,424.233040844876,0.030785285677015394,0.0,0.0,3833,1,1,1.0,0.0,0.0,1.0,1,0,0.0,nan,nan
bio-grid-worm.clean,/home/pseely/research/datasets/undirected/biological/bio-grid-worm/bio-grid-worm.clean.csv,ep_data.pkl,lep_data.pkl,0.022704124450683594,0.007250785827636719,0.009935617446899414,8.871790885925293,0.03391695022583008,8.945598363876343,49.27152180671692,3.7245508982035926,3507,6531,False,0.0010623362516268091,71,0.525235243798118,0.14395886889460155,1945,323,1,1.8030848329048843,65.80029896709645,8.111738344343737,1,1,322,0.0,33.293010760772695,1275.8833291568444,0.1399793388429752,0.0046487603305785125,0.026518391787852865,1936,2,1,1.0046487603305785,0.004627149357967348,0.06802315310221475,1.0,1,1,0.0,14.564195191748441,210.11578158334825
bio-DR-CX.clean,/home/pseely/research/datasets/undirected/biological/bio-DR-CX/bio-DR-CX.clean.csv,ep_data.pkl,lep_data.pkl,0.2021498680114746,0.03357338905334473,0.07106494903564453,47.723169565200806,0.009633064270019531,48.03959083557129,50.169365644454956,51.65095773791426,3289,84940,False,0.015708928752407012,2,0.05016722408026756,0.01761006289308176,3180,17,1,1.0342767295597484,0.20165529448993313,0.44906045749980383,1.0,1,16,0.0,25.443714736169515,771.6393296684782,0.01761006289308176,0.0,0.0,3180,1,1,1.0,0.0,0.0,1.0,1,0,0.0,nan,nan
bio-DM-HT.clean,/home/pseely/research/datasets/undirected/biological/bio-DM-HT/bio-DM-HT.clean.csv,ep_data.pkl,lep_data.pkl,0.026621580123901367,0.006478786468505859,0.009965181350708008,13.092313528060913,0.04208636283874512,13.177465438842773,32.74941635131836,3.1180996988959517,2989,4660,False,0.0010435407292155128,62,0.4238875878220141,0.16931982633863965,2073,78,1,1.44187168355041,5.180533303361228,2.276078492355048,1,1,77,0.0,20.858954092798097,634.5815857311738,0.1665053242981607,0.002420135527589545,0.024757443961191034,2066,4,1,1.0033881897386254,0.006280872542027893,0.07925195607698206,1.0,1,3,0.0,30.015701918993503,1034.7704509301407
bio-CE-HT.clean,/home/pseely/research/datasets/undirected/biological/bio-CE-HT/bio-CE-HT.clean.csv,ep_data.pkl,lep_data.pkl,0.019030332565307617,0.004922389984130859,0.007101774215698242,5.793079614639282,0.029952526092529297,5.854086637496948,22.233709812164307,2.281238058846007,2617,2985,False,0.000872032897112388,127,0.4742071073748567,0.1594379963347587,1637,168,1,1.5986560781918142,21.717359220141727,4.660188753703194,1,1,167,0.0,28.73275618578879,995.3360115072006,0.14904143475572046,0.012368583797155226,0.07565915170042033,1617,2,1,1.0123685837971552,0.012215601932007974,0.11052421423384097,1.0,1,1,0.0,8.823974358616864,75.86252348152789
bio-HS-HT.clean,/home/pseely/research/datasets/undirected/biological/bio-HS-HT/bio-HS-HT.clean.csv,ep_data.pkl,lep_data.pkl,0.06490206718444824,0.008495807647705078,0.016627073287963867,11.001650094985962,0.028641223907470703,11.12031626701355,20.777750968933105,10.654474708171206,2570,13691,False,0.004147323747828418,32,0.3194552529182879,0.11933534743202417,1986,48,1,1.2940584088620342,3.035382622973097,1.7422349505658234,1.0,1,47,0.0,16.516146366324694,358.9771387710355,0.1184475806451613,0.0010080645161290322,0.0062256809338521405,1984,2,1,1.001008064516129,0.0010070483220603538,0.03173402467479273,1.0,1,1,0.0,31.4483864304949,987.0010090817356
bn-macaque-rhesus_interareal-cortical-network_2.clean,/home/pseely/research/datasets/undirected/brain/bn-macaque-rhesus_interareal-cortical-network_2/bn-macaque-rhesus_interareal-cortical-network_2.clean.txt,ep_data.pkl,lep_data.pkl,0.0006759166717529297,0.0008137226104736328,3.886222839355469e-05,8.988380432128906e-05,0.0004832744598388672,0.0021016597747802734,0.0005815029144287109,48.645161290322584,93,2262,False,0.5287517531556802,1,1.0,1.0,2,64,29,46.5,306.25,17.5,46.5,29,35,17.5,0.0,-2.0,1.0,0.0,0.0,2,1,1,1.0,0.0,0.0,1.0,1,0,0.0,nan,nan
bn-mouse_brain_1.clean,/home/pseely/research/datasets/undirected/brain/bn-mouse_brain_1/bn-mouse_brain_1.clean.txt,ep_data.pkl,lep_data.pkl,0.015149116516113281,0.0030760765075683594,0.006914377212524414,0.021248579025268555,3.4332275390625e-05,0.046422481536865234,0.020735740661621094,152.50704225352112,213,16242,False,0.7193728408184958,1,0.0,0.0,213,1,1,1.0,0.0,0.0,1,1,0,0.0,nan,nan,0.0,0.0,0.0,213,1,1,1.0,0.0,0.0,1.0,1,0,0.0,nan,nan
bn-mouse_retina_1.clean,/home/pseely/research/datasets/undirected/brain/bn-mouse_retina_1/bn-mouse_retina_1.clean.txt,ep_data.pkl,lep_data.pkl,0.11184000968933105,0.030671119689941406,0.047060251235961914,1.8376762866973877,0.0002110004425048828,2.027458667755127,1.8276078701019287,168.79368029739777,1076,90811,False,0.15701737702083512,1,0.0,0.0,1076,1,1,1.0,0.0,0.0,1.0,1,0,0.0,nan,nan,0.0,0.0,0.0,1076,1,1,1.0,0.0,0.0,1.0,1,0,0.0,nan,nan
ca-CondMat.clean,/home/pseely/research/datasets/undirected/collaboration/ca-CondMat/ca-CondMat.clean.txt,ep_data.pkl,lep_data.pkl,0.3857414722442627,0.1094961166381836,0.2180919647216797,7992.753847122192,0.366727352142334,7993.833904027939,13189.111288785934,8.546177971258718,21363,91286,False,0.0004000645057231869,1,0.3415718766090905,0.17024539877300612,16952,15,1,1.260205285512034,0.5045560692311478,0.7103211029042765,1.0,1,14,0.0,4.316248783759237,30.11127932754072,0.170196448587104,5.89935697009026e-05,0.0001872396199035716,16951,2,1,1.0000589935697008,5.899008945963659e-05,0.007680500599546659,1.0,1,1,0.0,130.1844847091889,16946.00005899703
ca-AstroPh.clean,/home/pseely/research/datasets/undirected/collaboration/ca-AstroPh/ca-AstroPh.clean.txt,ep_data.pkl,lep_data.pkl,0.5279760360717773,0.14989757537841797,0.31995606422424316,5203.079036235809,0.21456432342529297,5204.291430234909,7601.420255661011,22.004356811707535,17903,196972,False,0.001229156340727714,1,0.2750935597385913,0.11473396998635743,14660,26,1,1.2212141882673944,0.9939701492120626,0.9969805159641099,1.0,1,25,0.0,10.658603403610224,165.31268058369966,0.11473396998635743,0.0,0.0,14660,1,1,1.0,0.0,0.0,1.0,1,0,0.0,nan,nan
ca-Erdos992.clean,/home/pseely/research/datasets/undirected/collaboration/ca-Erdos992/ca-Erdos992.clean.txt,ep_data.pkl,lep_data.pkl,0.06553483009338379,0.008501768112182617,0.009549856185913086,6.267551422119141,0.05532073974609375,6.406458616256714,141.97602343559265,2.950530035335689,5094,7515,False,0.0005793304605018043,17,0.7383195916764821,0.25903279599777657,1799,36,1,2.831573096164536,20.135612366947107,4.48727226351902,1,1,35,1.0,3.2296720968938013,11.652376081728017,0.2569676700111483,0.002787068004459309,0.015704750687082842,1794,2,1,1.0027870680044593,0.0027793002563978263,0.05271906919130711,1.0,1,1,0.0,18.86273561436577,353.8027948574628
ca-CSphd.clean,/home/pseely/research/datasets/directed/collaboration/ca-CSphd/ca-CSphd.clean.txt,ep_data.pkl,lep_data.pkl,0.005644083023071289,0.002608060836791992,0.00017952919006347656,0.00015735626220703125,0.03783369064331055,0.046422719955444336,0.04214787483215332,0.924548352816153,1882,1740,True,0.0004915195921404322,168,0.9798087141339001,0.5777777777777777,90,318,1,20.91111111111111,3201.880987654322,56.58516579152457,2.0,1,317,5.0,3.5074627714446054,12.029353851416136,0.2830188679245283,0.09433962264150944,0.9606801275239107,53,32,1,1.6981132075471699,17.83339266642934,4.222960178172338,1.0,1,31,0.0,6.967820854891949,47.02000285695969
ca-netscience.clean,/home/pseely/research/datasets/undirected/collaboration/ca-netscience/ca-netscience.clean.txt,ep_data.pkl,lep_data.pkl,0.00257110595703125,0.0011446475982666016,0.0008208751678466797,0.036746978759765625,0.008362293243408203,0.04964590072631836,0.0669100284576416,4.823218997361478,379,914,False,0.012759838617358406,1,0.48284960422163586,0.2631578947368421,266,6,1,1.4248120300751879,0.7330685736898637,0.8561942382951802,1.0,1,5,1.0,2.3724835504020727,5.717506367836034,0.2631578947368421,0.0,0.0,266,1,1,1.0,0.0,0.0,1.0,1,0,0.0,nan,nan
ca-sandi_auths.clean,/home/pseely/research/datasets/undirected/collaboration/ca-sandi_auths/ca-sandi_auths.clean.csv,ep_data.pkl,lep_data.pkl,0.0006563663482666016,0.00020194053649902344,0.00011873245239257812,0.0007851123809814453,0.0018677711486816406,0.003629922866821289,0.0013852119445800781,2.883720930232558,86,124,False,0.03392612859097127,1,0.32558139534883723,0.17142857142857143,70,3,1,1.2285714285714286,0.2906122448979593,0.5390846361175203,1.0,1,2,0.0,2.2992425925306472,4.168381517485161,0.17142857142857143,0.0,0.0,70,1,1,1.0,0.0,0.0,1.0,1,0,0.0,nan,nan
cit-DBLP.clean,/home/pseely/research/datasets/undirected/citation/cit-DBLP/cit-DBLP.clean.txt,ep_data.pkl,lep_data.pkl,0.21856999397277832,0.036020517349243164,0.1036233901977539,897.3272259235382,0.13543367385864258,897.8208734989166,2104.559029817581,7.884203002144389,12591,49635,False,0.0006262274028708808,40,0.3673258676832658,0.12123552123552124,9065,76,1,1.3889685603971318,4.376888787207911,2.092101524115862,1,1,75,0.0,17.749649932999993,489.4648277417662,0.12094460384021187,0.0003310527477378062,0.002144388849177984,9062,2,1,1.0003310527477378,0.00033094315181602144,0.01819184300218154,1.0,1,1,0.0,54.93329589446688,3015.666997829046
movielens-10m-noRatings.clean,/home/pseely/research/datasets/undirected/heterogenous/movielens-10m-noRatings/movielens-10m-noRatings.clean.csv,ep_data.pkl,lep_data.pkl,0.7157354354858398,0.11418843269348145,0.3404688835144043,18099.479466438293,0.2667677402496338,18100.916626930237,26807.910218000412,12.111592863742981,28138,170398,False,0.00043045075394473404,13,0.19653138105053664,0.0780523611450942,24522,156,1,1.1474594241905227,1.7319462817929634,1.3160343011460467,1.0,1,155,0.0,76.12495834095584,8235.975222820904,0.07756334407768575,0.0005304173976906442,0.0021323477148340324,24509,2,1,1.0005304173976906,0.0005301360550748713,0.023024683604229424,1.0,1,1,0.0,43.385576209226286,1880.308223006583
ia-escorts-dynamic.clean,/home/pseely/research/datasets/undirected/interaction/ia-escorts-dynamic/ia-escorts-dynamic.clean.csv,ep_data.pkl,lep_data.pkl,0.19028043746948242,0.03112649917602539,0.09352779388427734,1104.0106644630432,0.04426312446594238,1104.369862318039,1311.6417484283447,7.722936869186622,10106,39024,False,0.0007642688638482555,1,0.11636651494161884,0.03854435831180017,9288,22,1,1.0880706287683033,0.41472418450339443,0.6439908264124532,1.0,1,21,0.0,13.810193631268008,275.07176489907755,0.037819200517185646,0.0007542290701433035,0.002770631308133782,9281,2,1,1.0007542290701432,0.0007536602086530543,0.027452872502764705,1.0,1,1,0.0,36.37111350585109,1320.8578976555045
rec-yelp-user-business.clean,/home/pseely/research/datasets/undirected/recommendation/rec-yelp-user-business/rec-yelp-user-business.clean.csv,ep_data.pkl,lep_data.pkl,1.366485357284546,0.26969099044799805,0.49146127700805664,50983.20379757881,8.317737102508545,50993.64917230606,166552.95143342018,9.113443794027186,50395,229636,False,0.00018084382652750695,20,0.3777755729735093,0.10334276972348518,34971,217,1,1.4410511566726716,7.387241627619477,2.717948054621257,1,1,216,0.0,25.43390881284223,1403.8826575893866,0.10318890318890318,0.0001716001716001716,0.001964480603234448,34965,2,1,1.0001716001716001,0.00017157072498127845,0.013098500867705374,1.0,1,1,0.0,76.31841305759455,5822.500171629622
disease-gene-network,/home/pseely/research/datasets/undirected/disease-gene-network.csv,ep_data.pkl,lep_data.pkl,0.00830078125,0.006067514419555664,0.002464771270751953,0.15983819961547852,0.021575450897216797,0.19824671745300293,2.2701990604400635,10.872278664731494,1378,7491,False,0.0078956272075029,141,0.7968069666182874,0.37777777777777777,450,142,1,3.062222222222222,72.61835061728394,8.521640136574879,1.0,1,141,1.0,11.735053458944236,169.7200249169176,0.36507936507936506,0.015873015873015872,0.038461538461538464,441,3,1,1.0204081632653061,0.029061964922023228,0.17047570185226757,1.0,1,2,0.0,9.250691161491588,91.82158505416038
